id,text,created_at,lang,retweet_count,reply_count,like_count,source,query,category,date,hour,day_of_week,cleaned_text,readable_text,entities,text_length,word_count,processed_date,vader_negative,vader_neutral,vader_positive,vader_compound,vader_sentiment,textblob_polarity,textblob_subjectivity,textblob_sentiment
1e+18,Just got the new iPhone 15 Pro Max and the camera is absolutely amazing! #iPhone,2025-03-24 17:54:36.956172+00:00,en,23,27,135,Twitter for Android,iPhone,iphone,2025-03-24,17,Monday,got new pro max camera absolutely amazing,just got the new iphone pro max and the camera is absolutely amazing iphone,"{'CARDINAL': ['15'], 'MONEY': ['iPhone']}",80,7,2025-03-28,0.0,0.761,0.239,0.6581,positive,0.44318181818181823,0.6772727272727272,positive
1e+18,Battery life on this iPhone is disappointing. Barely lasts half a day with normal use.,2025-03-24 15:54:36.956172+00:00,en,10,29,83,Twitter for Android,#iPhone,iphone,2025-03-24,15,Monday,battery life disappointing barely last half day normal use,battery life on this iphone is disappointing barely lasts half a day with normal use,"{'ORG': ['iPhone'], 'DATE': ['half a day']}",86,9,2025-03-28,0.186,0.814,0.0,-0.4939,negative,-0.14166666666666664,0.4041666666666666,negative
1e+18,Apple's iOS updates are so smooth. Love how my iPhone just works.,2025-03-24 13:54:36.956172+00:00,en,28,5,173,Twitter for iPhone,iPhone,iphone,2025-03-24,13,Monday,apple io update smooth love work,apples ios updates are so smooth love how my iphone just works,{'ORG': ['Apple']},65,6,2025-03-28,0.0,0.711,0.289,0.6682,positive,0.45,0.55,positive
1e+18,The iPhone display is gorgeous but I wish it didn't have that notch at the top.,2025-03-24 11:54:36.956172+00:00,en,47,17,88,Twitter for Android,Apple iPhone,iphone,2025-03-24,11,Monday,display gorgeous wish didnt notch top,the iphone display is gorgeous but i wish it didnt have that notch at the top,{'ORG': ['iPhone']},79,6,2025-03-28,0.0,0.612,0.388,0.8047,positive,0.6,0.7,positive
1e+18,iPhone prices are getting ridiculous. Is it really worth $1200 for a phone?,2025-03-24 09:54:36.956172+00:00,en,12,19,85,Twitter for Web,#iPhone,iphone,2025-03-24,9,Monday,price getting ridiculous really worth,iphone prices are getting ridiculous is it really worth for a phone,{'MONEY': ['1200']},75,5,2025-03-28,0.159,0.701,0.14,-0.079,negative,-0.016666666666666663,0.55,neutral
1e+18,Face ID on my new iPhone works perfectly even in low light. Great feature!,2025-03-24 07:54:36.956172+00:00,en,35,1,82,Twitter for Android,Apple iPhone,iphone,2025-03-24,7,Monday,face id new work perfectly even low light great feature,face id on my new iphone works perfectly even in low light great feature,{},74,10,2025-03-28,0.097,0.507,0.396,0.8172,positive,0.5072727272727272,0.6409090909090909,positive
1e+18,The iPhone camera is incredible for night photography. Best phone camera I've used.,2025-03-24 05:54:36.956172+00:00,en,39,4,69,Twitter for Android,#iPhone,iphone,2025-03-24,5,Monday,camera incredible night photography best camera ive used,the iphone camera is incredible for night photography best phone camera ive used,{'TIME': ['night']},83,8,2025-03-28,0.0,0.741,0.259,0.6369,positive,0.95,0.6,positive
1e+18,iPhone storage fills up way too quickly. 128GB should be the minimum option.,2025-03-24 03:54:36.956172+00:00,en,37,25,53,Twitter for Android,#iPhone,iphone,2025-03-24,3,Monday,storage fill way quickly gb minimum option,iphone storage fills up way too quickly gb should be the minimum option,"{'CARDINAL': ['128'], 'PERSON': ['GB']}",76,7,2025-03-28,0.0,1.0,0.0,0.0,neutral,0.3333333333333333,0.5,positive
1e+18,Apple's build quality on the iPhone is second to none. This thing feels premium.,2025-03-24 01:54:36.956172+00:00,en,16,21,80,Twitter for Web,Apple iPhone,iphone,2025-03-24,1,Monday,apple build quality second none thing feel premium,apples build quality on the iphone is second to none this thing feels premium,"{'ORG': ['Apple', 'iPhone'], 'ORDINAL': ['second']}",80,8,2025-03-28,0.0,1.0,0.0,0.0,neutral,0.0,0.0,neutral
1e+18,iPhone performance is still great after a year of heavy use. Apple silicon is impressive.,2025-03-23 23:54:36.956172+00:00,en,37,3,173,Twitter for Web,Apple iPhone,iphone,2025-03-23,23,Sunday,performance still great year heavy use silicon impressive,iphone performance is still great after a year of heavy use apple silicon is impressive,"{'DATE': ['a year'], 'ORG': ['Apple']}",89,8,2025-03-28,0.0,0.637,0.363,0.8126,positive,0.5333333333333333,0.75,positive
1e+18,The iPhone ecosystem integration with my MacBook and iPad is seamless. Love it!,2025-03-23 21:54:36.956172+00:00,en,18,10,128,Twitter for Web,iPhone,iphone,2025-03-23,21,Sunday,ecosystem integration macbook ipad seamless love,the iphone ecosystem integration with my macbook and ipad is seamless love it,"{'ORG': ['MacBook', 'iPad']}",79,6,2025-03-28,0.0,0.728,0.272,0.6696,positive,0.3625,0.35,positive
1e+18,Why is iPhone battery degradation still such an issue? Mine's at 85% after just 8 months.,2025-03-23 19:54:36.956172+00:00,en,24,5,39,Twitter for iPhone,#iPhone,iphone,2025-03-23,19,Sunday,battery degradation still issue mine month,why is iphone battery degradation still such an issue mines at after just months,"{'ORG': ['Mine'], 'PERCENT': ['85%'], 'DATE': ['just 8 months']}",89,6,2025-03-28,0.185,0.815,0.0,-0.5267,negative,0.0,0.5,neutral
1e+18,iPhone's haptic feedback is so satisfying. Android phones just don't compare.,2025-03-23 17:54:36.956172+00:00,en,31,1,188,Twitter for iPhone,iPhone,iphone,2025-03-23,17,Sunday,iphones haptic feedback satisfying android phone dont compare,iphones haptic feedback is so satisfying android phones just dont compare,"{'ORG': ['iPhone', 'Android']}",77,8,2025-03-28,0.0,0.721,0.279,0.5949,positive,0.5,1.0,positive
1e+18,The new iPhone camera bump is huge. Makes the phone wobble on flat surfaces.,2025-03-23 15:54:36.956172+00:00,en,43,28,52,Twitter for Android,iPhone,iphone,2025-03-23,15,Sunday,new camera bump huge make wobble flat surface,the new iphone camera bump is huge makes the phone wobble on flat surfaces,{},76,8,2025-03-28,0.0,0.85,0.15,0.3182,positive,0.17045454545454544,0.49318181818181817,positive
1e+18,iPhone speakers are surprisingly good for such a slim device. Great stereo sound.,2025-03-23 13:54:36.956172+00:00,en,47,13,64,Twitter for iPhone,#iPhone,iphone,2025-03-23,13,Sunday,speaker surprisingly good slim device great stereo sound,iphone speakers are surprisingly good for such a slim device great stereo sound,{},81,8,2025-03-28,0.0,0.521,0.479,0.8481,positive,0.475,0.5625,positive
2e+18,The Galaxy S23 Ultra's 200MP camera is insane! Samsung really nailed it this year. #SamsungGalaxy,2025-03-24 17:54:36.956172+00:00,en,35,20,109,Twitter for iPhone,Galaxy S,galaxy,2025-03-24,17,Monday,ultras mp camera insane really nailed year samsunggalaxy,the galaxy s ultras mp camera is insane samsung really nailed it this year samsunggalaxy,"{'PRODUCT': ['200MP'], 'DATE': ['this year']}",97,8,2025-03-28,0.176,0.824,0.0,-0.4574,negative,-0.4,0.6,negative
2e+18,Samsung's One UI is so clunky compared to stock Android. Too many duplicate apps.,2025-03-24 15:54:36.956172+00:00,en,29,9,38,Twitter for Android,Galaxy S,galaxy,2025-03-24,15,Monday,samsungs one ui clunky compared stock android many duplicate apps,samsungs one ui is so clunky compared to stock android too many duplicate apps,"{'ORG': ['Samsung', 'UI', 'Android'], 'CARDINAL': ['One']}",81,10,2025-03-28,0.0,1.0,0.0,0.0,neutral,0.5,0.5,positive
2e+18,The Galaxy Z Fold is revolutionary. Having a tablet in my pocket changes everything.,2025-03-24 13:54:36.956172+00:00,en,46,28,70,Twitter for Android,Galaxy S,galaxy,2025-03-24,13,Monday,z fold revolutionary tablet pocket change everything,the galaxy z fold is revolutionary having a tablet in my pocket changes everything,{'ORG': ['The Galaxy Z Fold']},84,7,2025-03-28,0.0,1.0,0.0,0.0,neutral,0.0,0.0,neutral
2e+18,Battery life on my Galaxy S22 is terrible. Barely makes it through the day.,2025-03-24 11:54:36.956172+00:00,en,44,13,114,Twitter for Android,Samsung Galaxy,galaxy,2025-03-24,11,Monday,battery life terrible barely make day,battery life on my galaxy s is terrible barely makes it through the day,"{'PERSON': ['Galaxy S22'], 'DATE': ['the day']}",75,6,2025-03-28,0.193,0.807,0.0,-0.4767,negative,-0.475,0.55,negative
2e+18,Samsung's display technology is the best in the industry. This AMOLED screen is stunning.,2025-03-24 09:54:36.956172+00:00,en,27,17,66,Twitter for iPhone,Galaxy S,galaxy,2025-03-24,9,Monday,samsungs display technology best industry amoled screen stunning,samsungs display technology is the best in the industry this amoled screen is stunning,{'ORG': ['Samsung']},89,8,2025-03-28,0.0,0.638,0.362,0.7783,positive,0.75,0.65,positive
2e+18,Galaxy phones have too much bloatware. Why do I need two app stores?,2025-03-24 07:54:36.956172+00:00,en,14,15,16,Twitter for iPhone,Samsung Galaxy,galaxy,2025-03-24,7,Monday,phone much bloatware need two app store,galaxy phones have too much bloatware why do i need two app stores,{'CARDINAL': ['two']},68,7,2025-03-28,0.0,1.0,0.0,0.0,neutral,0.2,0.2,positive
2e+18,The customization options on my Galaxy are endless. Love being able to make it truly mine.,2025-03-24 05:54:36.956172+00:00,en,47,16,7,Twitter for Web,#SamsungGalaxy,galaxy,2025-03-24,5,Monday,customization option endless love able make truly mine,the customization options on my galaxy are endless love being able to make it truly mine,{},90,8,2025-03-28,0.0,0.664,0.336,0.7964,positive,0.2916666666666667,0.6583333333333333,positive
2e+18,Samsung's build quality has improved so much. This Galaxy feels solid and premium.,2025-03-24 03:54:36.956172+00:00,en,35,25,199,Twitter for Web,Galaxy S,galaxy,2025-03-24,3,Monday,samsungs build quality improved much feel solid premium,samsungs build quality has improved so much this galaxy feels solid and premium,{'ORG': ['Samsung']},82,8,2025-03-28,0.0,0.701,0.299,0.5719,positive,0.1,0.15000000000000002,neutral
2e+18,Galaxy S Pen functionality is a game changer for taking notes and drawing.,2025-03-24 01:54:36.956172+00:00,en,47,23,79,Twitter for Web,Galaxy S,galaxy,2025-03-24,1,Monday,pen functionality game changer taking note drawing,galaxy s pen functionality is a game changer for taking notes and drawing,{},74,7,2025-03-28,0.0,1.0,0.0,0.0,neutral,-0.4,0.4,negative
2e+18,Samsung needs to improve their update policy. My Galaxy is still waiting for Android 14.,2025-03-23 23:54:36.956172+00:00,en,45,19,147,Twitter for iPhone,Samsung Galaxy,galaxy,2025-03-23,23,Sunday,need improve update policy still waiting android,samsung needs to improve their update policy my galaxy is still waiting for android,"{'ORG': ['Samsung', 'Android'], 'CARDINAL': ['14']}",88,7,2025-03-28,0.0,0.828,0.172,0.4404,positive,0.0,0.0,neutral
2e+18,The wide-angle lens on the Galaxy camera is perfect for landscape photography.,2025-03-23 21:54:36.956172+00:00,en,49,16,175,Twitter for Web,Galaxy S,galaxy,2025-03-23,21,Sunday,wideangle lens camera perfect landscape photography,the wideangle lens on the galaxy camera is perfect for landscape photography,{},78,6,2025-03-28,0.0,0.748,0.252,0.5719,positive,1.0,1.0,positive
2e+18,Samsung DeX is underrated. Turning my Galaxy into a desktop is super useful.,2025-03-23 19:54:36.956172+00:00,en,10,28,58,Twitter for Android,Galaxy Note,galaxy,2025-03-23,19,Sunday,dex underrated turning desktop super useful,samsung dex is underrated turning my galaxy into a desktop is super useful,{'PERSON': ['Samsung DeX']},76,6,2025-03-28,0.0,0.618,0.382,0.7783,positive,0.31666666666666665,0.3333333333333333,positive
2e+18,My Galaxy overheats during gaming sessions. Performance throttling is annoying.,2025-03-23 17:54:36.956172+00:00,en,37,3,149,Twitter for iPhone,Samsung Galaxy,galaxy,2025-03-23,17,Sunday,overheats gaming session performance throttling annoying,my galaxy overheats during gaming sessions performance throttling is annoying,{},79,6,2025-03-28,0.231,0.769,0.0,-0.4019,negative,-0.8,0.9,negative
2e+18,The Galaxy's adaptive refresh rate makes scrolling so smooth while saving battery.,2025-03-23 15:54:36.956172+00:00,en,26,3,12,Twitter for Android,Galaxy Note,galaxy,2025-03-23,15,Sunday,galaxy adaptive refresh rate make scrolling smooth saving battery,the galaxys adaptive refresh rate makes scrolling so smooth while saving battery,{},82,9,2025-03-28,0.0,1.0,0.0,0.0,neutral,0.4,0.5,positive
2e+18,Samsung's fast charging is incredible. 0 to 50% in just 15 minutes!,2025-03-23 13:54:36.956172+00:00,en,13,25,84,Twitter for Web,Samsung Galaxy,galaxy,2025-03-23,13,Sunday,samsungs fast charging incredible minute,samsungs fast charging is incredible to in just minutes,"{'ORG': ['Samsung'], 'PERCENT': ['0 to 50%'], 'TIME': ['just 15 minutes']}",67,5,2025-03-28,0.0,1.0,0.0,0.0,neutral,0.6,0.75,positive
1.904306367688766e+18,"@LingerieAndRope Well this is what confused me!! I just got used to the 1080 and some 4k but now I‚Äôm like ‚Äúwait there‚Äôs 5k‚Äù I thought that was just TVs haha. 
Thank you!! I appreciate that ü´∂ just think it‚Äôs time I graduate from my iPhone üòÖ",2025-03-28 04:36:59.594846+00:00,en,0,0,0,,iPhone lang:en -is:retweet,iphone,2025-03-28,4,Friday,well confused got used k i‚Äôm like ‚Äúwait there‚Äôs k‚Äù thought tv haha thank appreciate ü´∂ think it‚Äôs time graduate üòÖ,well this is what confused me i just got used to the and some k but now i‚Äôm like ‚Äúwait there‚Äôs k‚Äù i thought that was just tvs haha thank you i appreciate that ü´∂ just think it‚Äôs time i graduate from my iphone üòÖ,"{'CARDINAL': ['1080', 'some 4k', '5k']}",239,21,2025-03-28,0.026,0.665,0.31,0.9605,positive,-0.15625,0.5,negative
1.9043063204144911e+18,Check out my latest article: Why Hasn‚Äôt an iPhone-Filmed Movie Won a Major Cinematography Award? https://t.co/Jq2EdhHPma via @LinkedIn,2025-03-28 04:36:59.594846+00:00,en,0,0,0,,iPhone lang:en -is:retweet,iphone,2025-03-28,4,Friday,check latest article hasn‚Äôt iphonefilmed movie major cinematography award,check out my latest article why hasn‚Äôt an iphonefilmed movie won a major cinematography award via,"{'ORG': ['iPhone-Filmed Movie Won'], 'GPE': ['@LinkedIn']}",134,9,2025-03-28,0.0,0.681,0.319,0.8166,positive,0.28125,0.7,positive
1.9043063019134856e+18,@zollotech Make #Iphone 13 pro max great again,2025-03-28 04:36:59.594846+00:00,en,0,0,0,,iPhone lang:en -is:retweet,iphone,2025-03-28,4,Friday,make pro max great,make iphone pro max great again,"{'ORG': ['@zollotech Make #Iphone 13'], 'PERSON': ['max']}",46,4,2025-03-28,0.0,0.631,0.369,0.6249,positive,0.8,0.75,positive
1.9043062702591025e+18,hi guys whatsthe best iphone out Rn i want a new one but idk what One,2025-03-28 04:36:59.594846+00:00,en,0,0,0,,iPhone lang:en -is:retweet,iphone,2025-03-28,4,Friday,hi guy whatsthe best rn want new one idk one,hi guys whatsthe best iphone out rn i want a new one but idk what one,{'CARDINAL': ['One']},69,10,2025-03-28,0.087,0.708,0.204,0.2846,positive,0.5681818181818181,0.37727272727272726,positive
1.9043061914984328e+18,"Turned on Grayscale for @apple Carplay in the settings app of Carplay and now Iphone Mirroring applies color filters. Why is Carplay so bad?????????
https://t.co/Az6AF8TiGe",2025-03-28 04:36:59.594846+00:00,en,0,0,0,,iPhone lang:en -is:retweet,iphone,2025-03-28,4,Friday,turned grayscale carplay setting app carplay mirroring applies color filter carplay bad,turned on grayscale for carplay in the settings app of carplay and now iphone mirroring applies color filters why is carplay so bad,"{'ORG': ['Carplay', 'Iphone Mirroring'], 'GPE': ['https://t.co/Az6AF8TiGe']}",172,12,2025-03-28,0.185,0.815,0.0,-0.7544,negative,-0.6999999999999998,0.6666666666666666,negative
1.9043061604482327e+18,Making movies on an iPhone 6 üé• üçø https://t.co/FZZwsoSR6V,2025-03-28 04:36:59.594846+00:00,en,0,0,0,,iPhone lang:en -is:retweet,iphone,2025-03-28,4,Friday,making movie üé• üçø,making movies on an iphone üé• üçø,{},56,4,2025-03-28,0.0,1.0,0.0,0.0,neutral,0.0,0.0,neutral
1.904306130131825e+18,"Morning Vibes üåÑ 

Iphone Wallpapers 4K HD üì≤ 

#Wallpapers |#iPhoneWallpaper I #4kwallpaper https://t.co/sj74A3gh2J",2025-03-28 04:36:59.594846+00:00,en,0,0,0,,iPhone lang:en -is:retweet,iphone,2025-03-28,4,Friday,morning vibe üåÑ wallpaper k hd üì≤ wallpaper iphonewallpaper kwallpaper,morning vibes üåÑ iphone wallpapers k hd üì≤ wallpapers iphonewallpaper i kwallpaper,"{'CARDINAL': ['4'], 'MONEY': ['4kwallpaper']}",114,10,2025-03-28,0.0,1.0,0.0,0.0,neutral,0.0,0.0,neutral
1.904306023323812e+18,@Texas_jeep__guy IPhone sucks donkey d,2025-03-28 04:36:59.594846+00:00,en,0,0,0,,iPhone lang:en -is:retweet,iphone,2025-03-28,4,Friday,suck donkey,iphone sucks donkey d,{},38,2,2025-03-28,0.385,0.615,0.0,-0.3612,negative,-0.3,0.3,negative
1.9043059677745528e+18,"Dreamer &amp; The Awakening 

Iphone Wallpapers 4K HD üì≤ 

#Wallpapers | #iPhoneWallpaper I #4kwallpaper üëá https://t.co/rXjtlfHnm6",2025-03-28 04:36:59.594846+00:00,en,0,0,0,,iPhone lang:en -is:retweet,iphone,2025-03-28,4,Friday,dreamer awakening wallpaper k hd üì≤ wallpaper iphonewallpaper kwallpaper üëá,dreamer amp the awakening iphone wallpapers k hd üì≤ wallpapers iphonewallpaper i kwallpaper üëá,"{'ORG': ['Dreamer &amp', 'The Awakening \n\nIphone Wallpapers 4'], 'MONEY': ['4kwallpaper']}",129,10,2025-03-28,0.0,1.0,0.0,0.0,neutral,0.0,0.0,neutral
1.904305925026169e+18,Is the iPhone auto correct drunk? It use to be decent but has been so off the past couple weeks,2025-03-28 04:36:59.594846+00:00,en,0,0,0,,iPhone lang:en -is:retweet,iphone,2025-03-28,4,Friday,auto correct drunk use decent past couple week,is the iphone auto correct drunk it use to be decent but has been so off the past couple weeks,{'DATE': ['the past couple weeks']},95,8,2025-03-28,0.082,0.918,0.0,-0.1779,negative,-0.19444444444444445,0.6388888888888888,negative
1.9043058534839053e+18,"GOVERNMENT ISSUES STATEMENT: ü¶† Dead marine life and surfer health concerns prompt official response, as Government confirms a harmful toxic algae off southern coastline. &gt;&gt; https://t.co/iaLloAehwh

üåü Read daily news on our free iPhone app: https://t.co/WJZDuenEUw

üåü Read daily https://t.co/LMMOG8dJsE",2025-03-28 04:36:59.594846+00:00,en,0,0,0,,Apple iPhone lang:en -is:retweet,iphone,2025-03-28,4,Friday,government issue statement ü¶† dead marine life surfer health concern prompt official response government confirms harmful toxic algae southern coastline gtgt üåü read daily news free app üåü read daily,government issues statement ü¶† dead marine life and surfer health concerns prompt official response as government confirms a harmful toxic algae off southern coastline gtgt üåü read daily news on our free iphone app üåü read daily,{'DATE': ['daily']},307,30,2025-03-28,0.09,0.84,0.069,-0.25,negative,0.04,0.24000000000000005,neutral
1.904305437861679e+18,"@Texas_jeep__guy I can jailbreak mine and get a whole new operating system that doesn't have bloatwear on it, like apps you can not uninstall on you iPhone. Plus, apple slows down your phones, so you upgrade and spend more money.",2025-03-28 04:36:59.594846+00:00,en,0,0,0,,Apple iPhone lang:en -is:retweet,iphone,2025-03-28,4,Friday,jailbreak mine get whole new operating system doesnt bloatwear like apps uninstall plus slows phone upgrade spend money,i can jailbreak mine and get a whole new operating system that doesnt have bloatwear on it like apps you can not uninstall on you iphone plus apple slows down your phones so you upgrade and spend more money,{},229,18,2025-03-28,0.0,0.94,0.06,0.3612,positive,0.1702020202020202,0.41085858585858587,positive
1.904305362842346e+18,Hey @Apple your iPhone sales are down big time because of no more physical sim tray on your US iPhone models. It turns out millions of people travel abroad and use the local sim cards. Big win for Samsung.,2025-03-28 04:36:59.594846+00:00,en,0,0,0,,Apple iPhone lang:en -is:retweet,iphone,2025-03-28,4,Friday,hey sale big time physical sim tray u model turn million people travel abroad use local sim card big win,hey your iphone sales are down big time because of no more physical sim tray on your us iphone models it turns out millions of people travel abroad and use the local sim cards big win for samsung,"{'GPE': ['US'], 'CARDINAL': ['millions'], 'ORG': ['Samsung']}",205,20,2025-03-28,0.051,0.86,0.088,0.3818,positive,0.05634920634920636,0.21882086167800457,neutral
1.9043053386414945e+18,Apple iPhone 17 Pro MAX Ultra - Launch Date + Price in the USA and other... https://t.co/a9emPX3JuI via @YouTube,2025-03-28 04:36:59.594846+00:00,en,1,0,1,,Apple iPhone lang:en -is:retweet,iphone,2025-03-28,4,Friday,pro max ultra launch date price usa,apple iphone pro max ultra launch date price in the usa and other via,"{'ORG': ['Apple'], 'CARDINAL': ['17'], 'GPE': ['USA']}",112,7,2025-03-28,0.0,1.0,0.0,0.0,neutral,-0.125,0.375,negative
1.90430528299534e+18,"Ellen Joe‚Äôs movements are next-level smooth, like a shark swimming through battle! ü¶àüí• Testing her in ZZZ‚Äîshe‚Äôs a beast!
https://t.co/G6QJcs5T91
#zenlesszonezero #ZenlessZoneZeroFanart #EllenJoe #HoYoverse #Apple #iphone #gaming #MobileGaming #shark #sharkstyle #sharkbae",2025-03-28 04:36:59.594846+00:00,en,0,0,1,,Apple iPhone lang:en -is:retweet,iphone,2025-03-28,4,Friday,ellen joe‚Äôs movement nextlevel smooth like shark swimming battle ü¶àüí• testing zzz‚Äîshe‚Äôs beast zenlesszonezero zenlesszonezerofanart ellenjoe hoyoverse gaming mobilegaming shark sharkstyle sharkbae,ellen joe‚Äôs movements are nextlevel smooth like a shark swimming through battle ü¶àüí• testing her in zzz‚Äîshe‚Äôs a beast zenlesszonezero zenlesszonezerofanart ellenjoe hoyoverse apple iphone gaming mobilegaming shark sharkstyle sharkbae,"{'PERSON': ['Ellen Joe‚Äôs', 'HoYoverse'], 'ORG': ['ZZZ'], 'MONEY': ['#MobileGaming #'], 'CARDINAL': ['#', '#']}",270,22,2025-03-28,0.153,0.78,0.067,-0.4912,negative,0.625,0.5,positive
1.904304082090685e+18,"Does it?
https://t.co/Zhbd9z8c23
‚Üì https://t.co/ImTRVhAiVe",2025-03-28 04:36:59.594846+00:00,en,0,0,1,,Apple iPhone lang:en -is:retweet,iphone,2025-03-28,4,Friday,‚Üì,does it ‚Üì,{},58,1,2025-03-28,0.0,1.0,0.0,0.0,neutral,0.0,0.0,neutral
1.904301473514574e+18,"Hi @Apple - What gives with the latest IOS (18) update and iphone 13 cameras?  You're telling me that I have added a non-factory part, which is not true. #Help",2025-03-28 04:36:59.594846+00:00,en,0,1,0,,Apple iPhone lang:en -is:retweet,iphone,2025-03-28,4,Friday,hi give latest io update camera youre telling added nonfactory part true help,hi what gives with the latest ios update and iphone cameras youre telling me that i have added a nonfactory part which is not true help,"{'CARDINAL': ['18', '13']}",159,13,2025-03-28,0.141,0.859,0.0,-0.5559,negative,0.1625,0.775,positive
1.9043006969685e+18,@abok_fasa @TimKalyegira Can you tell me how many times an iphone has been breached without apple being involved !,2025-03-28 04:36:59.594846+00:00,en,0,0,0,,Apple iPhone lang:en -is:retweet,iphone,2025-03-28,4,Friday,tell many time breached without involved,can you tell me how many times an iphone has been breached without apple being involved,{'ORG': ['@TimKalyegira']},114,6,2025-03-28,0.0,1.0,0.0,0.0,neutral,0.625,0.5,positive
1.90430059156591e+18,"If you expect me to buy the next $2000 iPhone, the purchase should come with a tokenized portion of Apple stock, like one percent of the purchase price, which is better than nothing. 

$2000 ‚Üí 1% = $20 ‚úì (tokenized stock)

@Apple",2025-03-28 04:36:59.594846+00:00,en,0,0,0,,Apple iPhone lang:en -is:retweet,iphone,2025-03-28,4,Friday,expect buy next purchase come tokenized portion stock like one percent purchase price better nothing ‚Üí ‚úì tokenized stock,if you expect me to buy the next iphone the purchase should come with a tokenized portion of apple stock like one percent of the purchase price which is better than nothing ‚Üí ‚úì tokenized stock,"{'ORG': ['Apple'], 'MONEY': ['2000', '20'], 'PERCENT': ['1%']}",229,19,2025-03-28,0.0,0.881,0.119,0.6597,positive,0.25,0.25,positive
1.90431576295884e+18,I need a new phone dis iPhone 6s pmo,2025-03-28 04:36:59.594846+00:00,en,0,0,0,,iPhone lang:en -is:retweet,iphone,2025-03-28,4,Friday,need new dis pmo,i need a new phone dis iphone s pmo,{'CARDINAL': ['6s']},36,4,2025-03-28,0.0,1.0,0.0,0.0,neutral,0.13636363636363635,0.45454545454545453,positive
1.9043157596666263e+18,"2023:05:27 14:12:06
iPhone 11 Pro back triple camera 4.25mm f/1.8
Focal Length:26mm (35mm eq.)
Aperture: f/1.8
Exposure: 1/990s
Ev: 11.6
ISO equiv: 32
#Green https://t.co/PgrivB2EC4",2025-03-28 04:36:59.594846+00:00,en,0,0,0,,iPhone lang:en -is:retweet,iphone,2025-03-28,4,Friday,pro back triple camera mm f focal lengthmm mm eq aperture f exposure ev iso equiv green,iphone pro back triple camera mm f focal lengthmm mm eq aperture f exposure s ev iso equiv green,"{'CARDINAL': ['2023:05:27', '11', '35', '11.6', '32'], 'QUANTITY': ['4.25mm'], 'PERSON': ['Ev'], 'ORG': ['ISO']}",181,17,2025-03-28,0.0,1.0,0.0,0.0,neutral,-0.1,0.15,neutral
1.904315731401196e+18,"@DarkMinds001 It's heart-wrenching to hear about your pain. Tears signify deep emotional turmoil, not weakness. Expressing feelings is a step toward healing. #ThriveAI is here to support you. #HealingJourney

üöÄ Join Thrive AI today and reclaim your mind!
üì≤ Download for FREE:
   ‚Ä¢ iPhone:",2025-03-28 04:36:59.594846+00:00,en,0,0,0,,iPhone lang:en -is:retweet,iphone,2025-03-28,4,Friday,heartwrenching hear pain tear signify deep emotional turmoil weakness expressing feeling step toward healing thriveai support healingjourney üöÄ join thrive ai today reclaim mind üì≤ download free ‚Ä¢,its heartwrenching to hear about your pain tears signify deep emotional turmoil not weakness expressing feelings is a step toward healing thriveai is here to support you healingjourney üöÄ join thrive ai today and reclaim your mind üì≤ download for free ‚Ä¢ iphone,"{'PERSON': ['ThriveAI', 'HealingJourney', 'Download'], 'DATE': ['today']}",288,28,2025-03-28,0.129,0.652,0.22,0.6659,positive,0.13333333333333333,0.6166666666666667,positive
1.9043157311744084e+18,"Wait until they turn the mob

Onto everybody with an iPhone 
or MacBook 
or Gucci bag 

Etc. 

‚Äî-

The less intelligent 
They can be Weaponized 

Always have been 
Always will be https://t.co/nYnhlZKOiu",2025-03-28 04:36:59.594846+00:00,en,0,0,0,,iPhone lang:en -is:retweet,iphone,2025-03-28,4,Friday,wait turn mob onto everybody macbook gucci bag etc ‚Äî less intelligent weaponized always always,wait until they turn the mob onto everybody with an iphone or macbook or gucci bag etc ‚Äî the less intelligent they can be weaponized always have been always will be,"{'ORG': ['MacBook', 'Weaponized \n\nAlways'], 'PERSON': ['Gucci']}",202,15,2025-03-28,0.0,0.92,0.08,0.4033,positive,0.3166666666666667,0.48333333333333334,positive
1.904315643622486e+18,"#MOONwinüî•

Pump YOUR way to MILLIONS!üåê

üéÅWelcome: https://t.co/4htXNd4ONf

1UK5qg36 @ua3b1cZA1iKrUFu @BujangT59231130 @Jay31192 @BitVenturer2 @mariavictorix @zishee786 @Capital671 @emotionartist @xmastoys09 @TM_IPhone",2025-03-28 04:36:59.594846+00:00,en,0,0,0,,iPhone lang:en -is:retweet,iphone,2025-03-28,4,Friday,moonwinüî• pump way millionsüåê üéÅwelcome ukqg,moonwinüî• pump your way to millionsüåê üéÅwelcome ukqg,"{'ORG': ['MILLIONS', '@zishee786'], 'PERSON': ['@xmastoys09 @TM_IPhone']}",217,6,2025-03-28,0.105,0.895,0.0,-0.4003,negative,0.0,0.0,neutral
1.904315601730024e+18,"2023:05:27 14:17:37
iPhone 11 Pro back triple camera 4.25mm f/1.8
Focal Length:51mm (35mm eq.)
Aperture: f/1.8
Exposure: 1/2183s
Ev: 12.8
ISO equiv: 32
#Yellow https://t.co/SZQjiX8Khd",2025-03-28 04:36:59.594846+00:00,en,0,0,0,,iPhone lang:en -is:retweet,iphone,2025-03-28,4,Friday,pro back triple camera mm f focal lengthmm mm eq aperture f exposure ev iso equiv yellow,iphone pro back triple camera mm f focal lengthmm mm eq aperture f exposure s ev iso equiv yellow,"{'CARDINAL': ['2023:05:27', '11', '35', '12.8'], 'QUANTITY': ['4.25mm'], 'ORG': ['Focal Length:51mm'], 'MONEY': ['32\n#']}",183,17,2025-03-28,0.0,1.0,0.0,0.0,neutral,0.0,0.0,neutral
1.904315569588888e+18,@yoshiyooa its just me and my old iphone 11 üò©,2025-03-28 04:36:59.594846+00:00,en,0,0,0,,iPhone lang:en -is:retweet,iphone,2025-03-28,4,Friday,old üò©,its just me and my old iphone üò©,"{'GPE': ['@yoshiyooa'], 'CARDINAL': ['11']}",45,2,2025-03-28,0.174,0.826,0.0,-0.2732,negative,0.1,0.2,neutral
1.9043155417680325e+18,"Tim Walz's iPhone today.  
Let‚Äôs see what happens tomorrow.  $RKLB üòÇ https://t.co/kowEvvOD9S",2025-03-28 04:36:59.594846+00:00,en,0,0,0,,iPhone lang:en -is:retweet,iphone,2025-03-28,4,Friday,tim walzs today let‚Äôs see happens tomorrow rklb üòÇ,tim walzs iphone today let‚Äôs see what happens tomorrow rklb üòÇ,"{'PERSON': [""Tim Walz's"", 'https://t.co/kowEvvOD9S'], 'DATE': ['today', 'tomorrow']}",92,9,2025-03-28,0.096,0.711,0.193,0.4404,positive,0.0,0.0,neutral
1.9043154931311908e+18,i wish i could take things from iphone and android and make a super phone. the super nigga phone.,2025-03-28 04:36:59.594846+00:00,en,0,0,0,,iPhone lang:en -is:retweet,iphone,2025-03-28,4,Friday,wish could take thing android make super super nigga,i wish i could take things from iphone and android and make a super phone the super nigga phone,{},97,9,2025-03-28,0.0,0.604,0.396,0.8885,positive,0.3333333333333333,0.6666666666666666,positive
1.9043154585280924e+18,This video is not a iphone commercial #meme https://t.co/irC2O7zOgM,2025-03-28 04:36:59.594846+00:00,en,0,0,0,,iPhone lang:en -is:retweet,iphone,2025-03-28,4,Friday,video commercial meme,this video is not a iphone commercial meme,{'CARDINAL': ['#']},67,3,2025-03-28,0.0,1.0,0.0,0.0,neutral,0.0,0.0,neutral
1.742935889e+19,Just got the new iPhone 15 Pro Max and the camera is absolutely amazing! #iPhone,2025-03-25 12:51:29.249419+00:00,en,9,27,121,Twitter for iPhone,Apple iPhone,iphone,2025-03-25,12,Tuesday,got new pro max camera absolutely amazing,just got the new iphone pro max and the camera is absolutely amazing iphone,"{'CARDINAL': ['15'], 'MONEY': ['iPhone']}",80,7,2025-03-28,0.0,0.761,0.239,0.6581,positive,0.44318181818181823,0.6772727272727272,positive
1.742935889e+19,Apple's iOS updates are so smooth. Love how my iPhone just works.,2025-03-25 15:51:29.249419+00:00,en,13,30,97,Twitter for iPhone,#iPhone,iphone,2025-03-25,15,Tuesday,apple io update smooth love work,apples ios updates are so smooth love how my iphone just works,{'ORG': ['Apple']},65,6,2025-03-28,0.0,0.711,0.289,0.6682,positive,0.45,0.55,positive
1.742935889e+19,Face ID on my new iPhone works perfectly even in low light. Great feature!,2025-03-22 18:51:29.249419+00:00,en,35,28,79,Twitter for Android,Apple iPhone,iphone,2025-03-22,18,Saturday,face id new work perfectly even low light great feature,face id on my new iphone works perfectly even in low light great feature,{},74,10,2025-03-28,0.097,0.507,0.396,0.8172,positive,0.5072727272727272,0.6409090909090909,positive
1.742935889e+19,The iPhone camera is incredible for night photography. Best phone camera I've used.,2025-03-25 00:51:29.249419+00:00,en,44,16,52,Twitter for iPhone,#iPhone,iphone,2025-03-25,0,Tuesday,camera incredible night photography best camera ive used,the iphone camera is incredible for night photography best phone camera ive used,{'TIME': ['night']},83,8,2025-03-28,0.0,0.741,0.259,0.6369,positive,0.95,0.6,positive
1.742935889e+19,Apple's build quality on the iPhone is second to none. This thing feels premium.,2025-03-25 05:51:29.249419+00:00,en,6,8,122,Twitter for iPhone,#iPhone,iphone,2025-03-25,5,Tuesday,apple build quality second none thing feel premium,apples build quality on the iphone is second to none this thing feels premium,"{'ORG': ['Apple', 'iPhone'], 'ORDINAL': ['second']}",80,8,2025-03-28,0.0,1.0,0.0,0.0,neutral,0.0,0.0,neutral
1.742935889e+19,iPhone performance is still great after a year of heavy use. Apple silicon is impressive.,2025-03-23 22:51:29.249419+00:00,en,33,0,105,Twitter for Android,iPhone,iphone,2025-03-23,22,Sunday,performance still great year heavy use silicon impressive,iphone performance is still great after a year of heavy use apple silicon is impressive,"{'DATE': ['a year'], 'ORG': ['Apple']}",89,8,2025-03-28,0.0,0.637,0.363,0.8126,positive,0.5333333333333333,0.75,positive
1.742935889e+19,The iPhone ecosystem integration with my MacBook and iPad is seamless. Love it!,2025-03-23 05:51:29.249419+00:00,en,32,9,99,Twitter for Android,iPhone,iphone,2025-03-23,5,Sunday,ecosystem integration macbook ipad seamless love,the iphone ecosystem integration with my macbook and ipad is seamless love it,"{'ORG': ['MacBook', 'iPad']}",79,6,2025-03-28,0.0,0.728,0.272,0.6696,positive,0.3625,0.35,positive
1.742935889e+19,iPhone's haptic feedback is so satisfying. Android phones just don't compare.,2025-03-25 07:51:29.249419+00:00,en,29,5,153,Twitter for iPhone,#iPhone,iphone,2025-03-25,7,Tuesday,iphones haptic feedback satisfying android phone dont compare,iphones haptic feedback is so satisfying android phones just dont compare,"{'ORG': ['iPhone', 'Android']}",77,8,2025-03-28,0.0,0.721,0.279,0.5949,positive,0.5,1.0,positive
1.742935889e+19,iPhone speakers are surprisingly good for such a slim device. Great stereo sound.,2025-03-22 17:51:29.249419+00:00,en,17,30,80,Twitter for iPhone,Apple iPhone,iphone,2025-03-22,17,Saturday,speaker surprisingly good slim device great stereo sound,iphone speakers are surprisingly good for such a slim device great stereo sound,{},81,8,2025-03-28,0.0,0.521,0.479,0.8481,positive,0.475,0.5625,positive
1.742935889e+19,Battery life on this iPhone is disappointing. Barely lasts half a day with normal use.,2025-03-22 19:51:29.249419+00:00,en,8,3,64,Twitter for Web,Apple iPhone,iphone,2025-03-22,19,Saturday,battery life disappointing barely last half day normal use,battery life on this iphone is disappointing barely lasts half a day with normal use,"{'ORG': ['iPhone'], 'DATE': ['half a day']}",86,9,2025-03-28,0.186,0.814,0.0,-0.4939,negative,-0.14166666666666664,0.4041666666666666,negative
1.742935889e+19,iPhone prices are getting ridiculous. Is it really worth $1200 for a phone?,2025-03-25 02:51:29.249419+00:00,en,18,8,197,Twitter for Web,iPhone,iphone,2025-03-25,2,Tuesday,price getting ridiculous really worth,iphone prices are getting ridiculous is it really worth for a phone,{'MONEY': ['1200']},75,5,2025-03-28,0.159,0.701,0.14,-0.079,negative,-0.016666666666666663,0.55,neutral
1.742935889e+19,iPhone storage fills up way too quickly. 128GB should be the minimum option.,2025-03-23 04:51:29.249419+00:00,en,9,21,99,Twitter for Android,iPhone,iphone,2025-03-23,4,Sunday,storage fill way quickly gb minimum option,iphone storage fills up way too quickly gb should be the minimum option,"{'CARDINAL': ['128'], 'PERSON': ['GB']}",76,7,2025-03-28,0.0,1.0,0.0,0.0,neutral,0.3333333333333333,0.5,positive
1.742935889e+19,Why is iPhone battery degradation still such an issue? Mine's at 85% after just 8 months.,2025-03-22 19:51:29.249419+00:00,en,16,9,177,Twitter for Android,iPhone,iphone,2025-03-22,19,Saturday,battery degradation still issue mine month,why is iphone battery degradation still such an issue mines at after just months,"{'ORG': ['Mine'], 'PERCENT': ['85%'], 'DATE': ['just 8 months']}",89,6,2025-03-28,0.185,0.815,0.0,-0.5267,negative,0.0,0.5,neutral
1.742935889e+19,The new iPhone camera bump is huge. Makes the phone wobble on flat surfaces.,2025-03-23 11:51:29.249419+00:00,en,21,26,187,Twitter for iPhone,Apple iPhone,iphone,2025-03-23,11,Sunday,new camera bump huge make wobble flat surface,the new iphone camera bump is huge makes the phone wobble on flat surfaces,{},76,8,2025-03-28,0.0,0.85,0.15,0.3182,positive,0.17045454545454544,0.49318181818181817,positive
1.742935889e+19,Frustrated with my iPhone's signal strength. Keeps dropping calls in my house.,2025-03-22 17:51:29.249419+00:00,en,7,0,76,Twitter for Web,Apple iPhone,iphone,2025-03-22,17,Saturday,frustrated iphones signal strength keep dropping call house,frustrated with my iphones signal strength keeps dropping calls in my house,{'ORG': ['iPhone']},78,8,2025-03-28,0.205,0.602,0.193,-0.0516,negative,-0.7,0.2,negative
1.742935889e+19,Apple's repair costs for iPhone are absurd. $600 for a simple screen replacement?,2025-03-23 10:51:29.249419+00:00,en,12,1,37,Twitter for iPhone,Apple iPhone,iphone,2025-03-23,10,Sunday,apple repair cost absurd simple screen replacement,apples repair costs for iphone are absurd for a simple screen replacement,"{'ORG': ['Apple', 'iPhone'], 'MONEY': ['600']}",81,7,2025-03-28,0.0,1.0,0.0,0.0,neutral,-0.25,0.6785714285714286,negative
1.742935889e+19,So tired of Apple removing features from iPhone and calling it 'innovation'.,2025-03-23 12:51:29.249419+00:00,en,47,6,64,Twitter for Android,iPhone,iphone,2025-03-23,12,Sunday,tired removing feature calling innovation,so tired of apple removing features from iphone and calling it innovation,"{'ORG': ['Apple', 'iPhone']}",76,5,2025-03-28,0.202,0.633,0.165,-0.1513,negative,-0.4,0.7,negative
1.742935889e+19,iPhone's Lightning port is outdated. Why hasn't Apple switched to USB-C yet?,2025-03-22 21:51:29.249419+00:00,en,40,15,28,Twitter for iPhone,#iPhone,iphone,2025-03-22,21,Saturday,iphones lightning port outdated hasnt switched usbc yet,iphones lightning port is outdated why hasnt apple switched to usbc yet,"{'ORG': ['iPhone', 'Apple']}",76,8,2025-03-28,0.0,1.0,0.0,0.0,neutral,-0.4000000000000001,0.6333333333333334,negative
1.742935889e+19,The iPhone display is gorgeous but I wish it didn't have that notch at the top.,2025-03-23 04:51:29.249419+00:00,en,16,13,200,Twitter for iPhone,iPhone,iphone,2025-03-23,4,Sunday,display gorgeous wish didnt notch top,the iphone display is gorgeous but i wish it didnt have that notch at the top,{'ORG': ['iPhone']},79,6,2025-03-28,0.0,0.612,0.388,0.8047,positive,0.6,0.7,positive
1.742935889e+19,Just updated my iPhone to the latest iOS version.,2025-03-24 23:51:29.249419+00:00,en,41,8,84,Twitter for Web,#iPhone,iphone,2025-03-24,23,Monday,updated latest io version,just updated my iphone to the latest ios version,{},49,4,2025-03-28,0.0,1.0,0.0,0.0,neutral,0.5,0.9,positive
1.742935889e+19,Comparing iPhone and Android features for my next purchase.,2025-03-23 14:51:29.249419+00:00,en,3,25,198,Twitter for iPhone,Apple iPhone,iphone,2025-03-23,14,Sunday,comparing android feature next purchase,comparing iphone and android features for my next purchase,{'ORG': ['Android']},59,5,2025-03-28,0.0,1.0,0.0,0.0,neutral,0.0,0.0,neutral
1.742935889e+19,Does anyone know if the iPhone 15 is water resistant?,2025-03-23 23:51:29.249419+00:00,en,10,12,98,Twitter for iPhone,iPhone,iphone,2025-03-23,23,Sunday,anyone know water resistant,does anyone know if the iphone is water resistant,{},53,4,2025-03-28,0.0,1.0,0.0,0.0,neutral,0.0,0.0,neutral
1.742935889e+19,Looking at iPhone cases online. So many options.,2025-03-23 13:51:29.249419+00:00,en,35,25,192,Twitter for iPhone,Apple iPhone,iphone,2025-03-23,13,Sunday,looking case online many option,looking at iphone cases online so many options,{},48,5,2025-03-28,0.0,1.0,0.0,0.0,neutral,0.5,0.5,positive
1.742935889e+19,My iPhone arrived today. Setting it up now.,2025-03-25 13:51:29.249419+00:00,en,28,3,69,Twitter for Web,iPhone,iphone,2025-03-25,13,Tuesday,arrived today setting,my iphone arrived today setting it up now,"{'ORG': ['iPhone'], 'DATE': ['today']}",43,3,2025-03-28,0.0,1.0,0.0,0.0,neutral,0.0,0.0,neutral
1.742935889e+19,The iPhone comes in several colors this year.,2025-03-24 19:51:29.249419+00:00,en,48,28,161,Twitter for iPhone,iPhone,iphone,2025-03-24,19,Monday,come several color year,the iphone comes in several colors this year,{'DATE': ['this year']},45,4,2025-03-28,0.0,1.0,0.0,0.0,neutral,0.0,0.0,neutral
1.742935889e+19,Trying to decide between the iPhone Pro and regular models.,2025-03-23 18:51:29.249419+00:00,en,40,24,125,Twitter for Android,Apple iPhone,iphone,2025-03-23,18,Sunday,trying decide pro regular model,trying to decide between the iphone pro and regular models,{},59,5,2025-03-28,0.0,1.0,0.0,0.0,neutral,0.0,0.07692307692307693,neutral
1.742935889e+19,iPhone prices vary a lot depending on storage capacity.,2025-03-23 14:51:29.249419+00:00,en,48,24,198,Twitter for Android,#iPhone,iphone,2025-03-23,14,Sunday,price vary lot depending storage capacity,iphone prices vary a lot depending on storage capacity,{},55,6,2025-03-28,0.0,1.0,0.0,0.0,neutral,0.0,0.0,neutral
1.742935889e+19,The Galaxy S23 Ultra's 200MP camera is insane! Samsung really nailed it this year. #SamsungGalaxy,2025-03-25 09:51:29.249419+00:00,en,50,14,24,Twitter for iPhone,Samsung Galaxy,galaxy,2025-03-25,9,Tuesday,ultras mp camera insane really nailed year samsunggalaxy,the galaxy s ultras mp camera is insane samsung really nailed it this year samsunggalaxy,"{'PRODUCT': ['200MP'], 'DATE': ['this year']}",97,8,2025-03-28,0.176,0.824,0.0,-0.4574,negative,-0.4,0.6,negative
1.742935889e+19,Samsung's display technology is the best in the industry. This AMOLED screen is stunning.,2025-03-25 01:51:29.249419+00:00,en,5,30,19,Twitter for iPhone,Galaxy Note,galaxy,2025-03-25,1,Tuesday,samsungs display technology best industry amoled screen stunning,samsungs display technology is the best in the industry this amoled screen is stunning,{'ORG': ['Samsung']},89,8,2025-03-28,0.0,0.638,0.362,0.7783,positive,0.75,0.65,positive
1.742935889e+19,The customization options on my Galaxy are endless. Love being able to make it truly mine.,2025-03-23 13:51:29.249419+00:00,en,13,21,186,Twitter for Web,#SamsungGalaxy,galaxy,2025-03-23,13,Sunday,customization option endless love able make truly mine,the customization options on my galaxy are endless love being able to make it truly mine,{},90,8,2025-03-28,0.0,0.664,0.336,0.7964,positive,0.2916666666666667,0.6583333333333333,positive
1.742935889e+19,Samsung's build quality has improved so much. This Galaxy feels solid and premium.,2025-03-22 19:51:29.249419+00:00,en,14,23,164,Twitter for iPhone,Galaxy S,galaxy,2025-03-22,19,Saturday,samsungs build quality improved much feel solid premium,samsungs build quality has improved so much this galaxy feels solid and premium,{'ORG': ['Samsung']},82,8,2025-03-28,0.0,0.701,0.299,0.5719,positive,0.1,0.15000000000000002,neutral
1.742935889e+19,Galaxy S Pen functionality is a game changer for taking notes and drawing.,2025-03-23 16:51:29.249419+00:00,en,7,12,127,Twitter for Android,Galaxy Note,galaxy,2025-03-23,16,Sunday,pen functionality game changer taking note drawing,galaxy s pen functionality is a game changer for taking notes and drawing,{},74,7,2025-03-28,0.0,1.0,0.0,0.0,neutral,-0.4,0.4,negative
1.742935889e+19,The wide-angle lens on the Galaxy camera is perfect for landscape photography.,2025-03-24 23:51:29.249419+00:00,en,44,20,92,Twitter for Web,Galaxy Note,galaxy,2025-03-24,23,Monday,wideangle lens camera perfect landscape photography,the wideangle lens on the galaxy camera is perfect for landscape photography,{},78,6,2025-03-28,0.0,0.748,0.252,0.5719,positive,1.0,1.0,positive
1.742935889e+19,Samsung DeX is underrated. Turning my Galaxy into a desktop is super useful.,2025-03-23 20:51:29.249419+00:00,en,8,28,166,Twitter for iPhone,Galaxy Note,galaxy,2025-03-23,20,Sunday,dex underrated turning desktop super useful,samsung dex is underrated turning my galaxy into a desktop is super useful,{'PERSON': ['Samsung DeX']},76,6,2025-03-28,0.0,0.618,0.382,0.7783,positive,0.31666666666666665,0.3333333333333333,positive
1.742935889e+19,The Galaxy's adaptive refresh rate makes scrolling so smooth while saving battery.,2025-03-25 14:51:29.249419+00:00,en,15,14,37,Twitter for iPhone,Samsung Galaxy,galaxy,2025-03-25,14,Tuesday,galaxy adaptive refresh rate make scrolling smooth saving battery,the galaxys adaptive refresh rate makes scrolling so smooth while saving battery,{},82,9,2025-03-28,0.0,1.0,0.0,0.0,neutral,0.4,0.5,positive
1.742935889e+19,Samsung's fast charging is incredible. 0 to 50% in just 15 minutes!,2025-03-25 10:51:29.249419+00:00,en,11,20,73,Twitter for iPhone,Galaxy S,galaxy,2025-03-25,10,Tuesday,samsungs fast charging incredible minute,samsungs fast charging is incredible to in just minutes,"{'ORG': ['Samsung'], 'PERCENT': ['0 to 50%'], 'TIME': ['just 15 minutes']}",67,5,2025-03-28,0.0,1.0,0.0,0.0,neutral,0.6,0.75,positive
1.742935889e+19,Samsung's One UI is so clunky compared to stock Android. Too many duplicate apps.,2025-03-24 23:51:29.249419+00:00,en,2,18,175,Twitter for Android,Galaxy S,galaxy,2025-03-24,23,Monday,samsungs one ui clunky compared stock android many duplicate apps,samsungs one ui is so clunky compared to stock android too many duplicate apps,"{'ORG': ['Samsung', 'UI', 'Android'], 'CARDINAL': ['One']}",81,10,2025-03-28,0.0,1.0,0.0,0.0,neutral,0.5,0.5,positive
1.742935889e+19,Battery life on my Galaxy S22 is terrible. Barely makes it through the day.,2025-03-23 15:51:29.249419+00:00,en,17,15,95,Twitter for Android,Samsung Galaxy,galaxy,2025-03-23,15,Sunday,battery life terrible barely make day,battery life on my galaxy s is terrible barely makes it through the day,"{'PERSON': ['Galaxy S22'], 'DATE': ['the day']}",75,6,2025-03-28,0.193,0.807,0.0,-0.4767,negative,-0.475,0.55,negative
1.742935889e+19,Galaxy phones have too much bloatware. Why do I need two app stores?,2025-03-23 01:51:29.249419+00:00,en,24,3,53,Twitter for iPhone,Galaxy Note,galaxy,2025-03-23,1,Sunday,phone much bloatware need two app store,galaxy phones have too much bloatware why do i need two app stores,{'CARDINAL': ['two']},68,7,2025-03-28,0.0,1.0,0.0,0.0,neutral,0.2,0.2,positive
1.742935889e+19,Samsung needs to improve their update policy. My Galaxy is still waiting for Android 14.,2025-03-22 18:51:29.249419+00:00,en,7,25,71,Twitter for Android,#SamsungGalaxy,galaxy,2025-03-22,18,Saturday,need improve update policy still waiting android,samsung needs to improve their update policy my galaxy is still waiting for android,"{'ORG': ['Samsung', 'Android'], 'CARDINAL': ['14']}",88,7,2025-03-28,0.0,0.828,0.172,0.4404,positive,0.0,0.0,neutral
1.742935889e+19,My Galaxy overheats during gaming sessions. Performance throttling is annoying.,2025-03-22 20:51:29.249419+00:00,en,42,8,139,Twitter for Web,Galaxy S,galaxy,2025-03-22,20,Saturday,overheats gaming session performance throttling annoying,my galaxy overheats during gaming sessions performance throttling is annoying,{},79,6,2025-03-28,0.231,0.769,0.0,-0.4019,negative,-0.8,0.9,negative
1.742935889e+19,Disappointed with my Galaxy camera in low light. Photos are noisy and blurry.,2025-03-25 05:51:29.249419+00:00,en,17,21,143,Twitter for iPhone,Samsung Galaxy,galaxy,2025-03-25,5,Tuesday,disappointed camera low light photo noisy blurry,disappointed with my galaxy camera in low light photos are noisy and blurry,{},77,7,2025-03-28,0.48,0.52,0.0,-0.743,negative,-0.11666666666666665,0.5833333333333334,negative
1.742935889e+19,Samsung's customer service is awful. Been waiting weeks for my Galaxy repair.,2025-03-24 11:51:29.249419+00:00,en,48,5,52,Twitter for iPhone,Galaxy S,galaxy,2025-03-24,11,Monday,samsungs customer service awful waiting week repair,samsungs customer service is awful been waiting weeks for my galaxy repair,"{'ORG': ['Samsung'], 'DATE': ['weeks']}",77,7,2025-03-28,0.214,0.786,0.0,-0.4588,negative,-1.0,1.0,negative
1.742935889e+19,The curved screen on my Galaxy causes so many accidental touches. Frustrating!,2025-03-23 18:51:29.249419+00:00,en,47,6,112,Twitter for Android,Galaxy Note,galaxy,2025-03-23,18,Sunday,curved screen cause many accidental touch frustrating,the curved screen on my galaxy causes so many accidental touches frustrating,{},78,7,2025-03-28,0.323,0.677,0.0,-0.5818,negative,0.0,0.7,neutral
1.742935889e+19,Galaxy phones slow down so much after a year. Planned obsolescence at its finest.,2025-03-24 03:51:29.249419+00:00,en,21,4,124,Twitter for Web,#SamsungGalaxy,galaxy,2025-03-24,3,Monday,phone slow much year planned obsolescence finest,galaxy phones slow down so much after a year planned obsolescence at its finest,{'DATE': ['a year']},81,7,2025-03-28,0.0,1.0,0.0,0.0,neutral,-0.0851851851851852,0.2962962962962963,neutral
1.742935889e+19,The Galaxy Z Fold is revolutionary. Having a tablet in my pocket changes everything.,2025-03-25 03:51:29.249419+00:00,en,48,30,175,Twitter for Android,Samsung Galaxy,galaxy,2025-03-25,3,Tuesday,z fold revolutionary tablet pocket change everything,the galaxy z fold is revolutionary having a tablet in my pocket changes everything,{'ORG': ['The Galaxy Z Fold']},84,7,2025-03-28,0.0,1.0,0.0,0.0,neutral,0.0,0.0,neutral
1.742935889e+19,Checking out the new Galaxy S24 specs online.,2025-03-23 20:51:29.249419+00:00,en,50,22,124,Twitter for Android,#SamsungGalaxy,galaxy,2025-03-23,20,Sunday,checking new spec online,checking out the new galaxy s specs online,{'PRODUCT': ['Galaxy S24']},45,4,2025-03-28,0.0,1.0,0.0,0.0,neutral,0.13636363636363635,0.45454545454545453,positive
1.742935889e+19,Considering switching from my old phone to a Galaxy.,2025-03-23 20:51:29.249419+00:00,en,13,0,7,Twitter for Android,#SamsungGalaxy,galaxy,2025-03-23,20,Sunday,considering switching old,considering switching from my old phone to a galaxy,{},52,3,2025-03-28,0.0,1.0,0.0,0.0,neutral,0.1,0.2,neutral
1.742935889e+19,Does the Galaxy S23 have expandable storage?,2025-03-24 11:51:29.249419+00:00,en,44,9,49,Twitter for Web,Galaxy S,galaxy,2025-03-24,11,Monday,expandable storage,does the galaxy s have expandable storage,{'WORK_OF_ART': ['the Galaxy S23']},44,2,2025-03-28,0.0,1.0,0.0,0.0,neutral,0.0,0.0,neutral
1.742935889e+19,Looking at different Galaxy models to compare prices.,2025-03-24 20:51:29.249419+00:00,en,47,7,129,Twitter for iPhone,#SamsungGalaxy,galaxy,2025-03-24,20,Monday,looking different model compare price,looking at different galaxy models to compare prices,{},53,5,2025-03-28,0.0,1.0,0.0,0.0,neutral,0.0,0.6,neutral
1.742935889e+19,Just ordered a new case for my Galaxy phone.,2025-03-25 12:51:29.249419+00:00,en,2,12,36,Twitter for Web,Galaxy S,galaxy,2025-03-25,12,Tuesday,ordered new case,just ordered a new case for my galaxy phone,{},44,3,2025-03-28,0.0,1.0,0.0,0.0,neutral,0.13636363636363635,0.45454545454545453,positive
1.742935889e+19,Samsung announced the Galaxy release date today.,2025-03-24 12:51:29.249419+00:00,en,20,21,40,Twitter for Android,Galaxy S,galaxy,2025-03-24,12,Monday,announced release date today,samsung announced the galaxy release date today,"{'ORG': ['Samsung'], 'PERSON': ['Galaxy'], 'DATE': ['today']}",48,4,2025-03-28,0.0,1.0,0.0,0.0,neutral,0.0,0.0,neutral
1.742935889e+19,The Galaxy comes with different RAM options this year.,2025-03-23 03:51:29.249419+00:00,en,46,16,30,Twitter for Web,Samsung Galaxy,galaxy,2025-03-23,3,Sunday,come different ram option year,the galaxy comes with different ram options this year,"{'ORG': ['RAM'], 'DATE': ['this year']}",54,5,2025-03-28,0.0,1.0,0.0,0.0,neutral,0.0,0.6,neutral
1.742935889e+19,Comparing camera specs between Galaxy models.,2025-03-23 02:51:29.249419+00:00,en,8,26,99,Twitter for iPhone,Galaxy Note,galaxy,2025-03-23,2,Sunday,comparing camera spec model,comparing camera specs between galaxy models,{'ORG': ['Galaxy']},45,4,2025-03-28,0.0,1.0,0.0,0.0,neutral,0.0,0.0,neutral
1.9054721759072384e+18,Did I do the iPhone thing right? https://t.co/FI1PAuxVGw,2025-03-28 04:36:59.594846+00:00,en,0,0,0,,iPhone lang:en -is:retweet,iphone,2025-03-28,4,Friday,thing right,did i do the iphone thing right,{'ORG': ['iPhone']},56,2,2025-03-28,0.0,1.0,0.0,0.0,neutral,0.2857142857142857,0.5357142857142857,positive
1.905472090863436e+18,D&amp;d best shit iPhone came out with,2025-03-28 04:36:59.594846+00:00,en,0,0,0,,iPhone lang:en -is:retweet,iphone,2025-03-28,4,Friday,dampd best shit came,dampd best shit iphone came out with,{},38,4,2025-03-28,0.281,0.391,0.328,0.1531,positive,0.4,0.55,positive
1.905472008236008e+18,"Apples get your exclusive wall papers for your Iwatch  and iPhone! üì± 

SHAZAMING ALSO HELPS ON üçéüé∂üëÄ

Let‚Äôs keep going and keep pushing! Our streaming week hasn‚Äôt ended! üî•

#ARMYonAppleMusic https://t.co/PaAC2aM92g",2025-03-28 04:36:59.594846+00:00,en,0,0,0,,iPhone lang:en -is:retweet,iphone,2025-03-28,4,Friday,apple get exclusive wall paper iwatch üì± shazaming also help üçéüé∂üëÄ let‚Äôs keep going keep pushing streaming week hasn‚Äôt ended üî• armyonapplemusic,apples get your exclusive wall papers for your iwatch and iphone üì± shazaming also helps on üçéüé∂üëÄ let‚Äôs keep going and keep pushing our streaming week hasn‚Äôt ended üî• armyonapplemusic,{},212,22,2025-03-28,0.058,0.803,0.139,0.5121,positive,0.0,0.0,neutral
1.905471994365416e+18,@kizoo_214 iPhone user,2025-03-28 04:36:59.594846+00:00,en,0,0,0,,iPhone lang:en -is:retweet,iphone,2025-03-28,4,Friday,user,iphone user,{},22,1,2025-03-28,0.0,1.0,0.0,0.0,neutral,0.0,0.0,neutral
1.905471965151868e+18,@sipho__nkosi @Am_Blujay Most of them get infected with hiv for a IPhone and frontal.,2025-03-28 04:36:59.594846+00:00,en,0,0,0,,iPhone lang:en -is:retweet,iphone,2025-03-28,4,Friday,get infected hiv frontal,most of them get infected with hiv for a iphone and frontal,"{'ORG': ['@sipho__nkosi', 'IPhone']}",85,4,2025-03-28,0.198,0.802,0.0,-0.4939,negative,0.5,0.5,positive
1.9054719269125527e+18,Remember when you‚Äôd ask if they had an iPhone charger and there was a single option #wtf #apple,2025-03-28 04:36:59.594846+00:00,en,0,0,0,,iPhone lang:en -is:retweet,iphone,2025-03-28,4,Friday,remember you‚Äôd ask charger single option wtf,remember when you‚Äôd ask if they had an iphone charger and there was a single option wtf apple,"{'CARDINAL': ['#'], 'PERSON': ['apple']}",95,7,2025-03-28,0.183,0.817,0.0,-0.5859,negative,-0.2857142857142857,0.6071428571428571,negative
1.905471891814388e+18,@angeltearzzz2 Seeing this makes me miss my purple iPhone. üôÇ‚Äç‚ÜïÔ∏è‚ú®,2025-03-28 04:36:59.594846+00:00,en,0,0,0,,iPhone lang:en -is:retweet,iphone,2025-03-28,4,Friday,seeing make miss purple üôÇ‚Äç‚ÜïÔ∏è‚ú®,seeing this makes me miss my purple iphone üôÇ‚Äç‚ÜïÔ∏è‚ú®,{'PERSON': ['@angeltearzzz2 Seeing']},64,5,2025-03-28,0.086,0.645,0.269,0.5279,positive,0.0,0.0,neutral
1.9054718766771407e+18,"@AntiAntifragil @Hera_Aoe This. AirTags are a must to put in luggage. Use the original Apple ones as they get global network. 99% chance someone has an Iphone or Apple Watch wherever your bags possibly end up. You can buzz the airtag and it will try to hit nearby Apple Devices, and send you the location",2025-03-28 04:36:59.594846+00:00,en,0,0,1,,iPhone lang:en -is:retweet,iphone,2025-03-28,4,Friday,airtags must put luggage use original one get global network chance someone watch wherever bag possibly end buzz airtag try hit nearby device send location,this airtags are a must to put in luggage use the original apple ones as they get global network chance someone has an iphone or apple watch wherever your bags possibly end up you can buzz the airtag and it will try to hit nearby apple devices and send you the location,"{'ORG': ['Apple', 'Iphone', 'Apple Watch', 'Apple Devices'], 'PERCENT': ['99%']}",304,25,2025-03-28,0.0,0.925,0.075,0.5106,positive,0.125,0.5833333333333334,positive
1.9054718738337303e+18,iPhone teckno. https://t.co/Cw7p8lANuZ,2025-03-28 04:36:59.594846+00:00,en,0,0,0,,iPhone lang:en -is:retweet,iphone,2025-03-28,4,Friday,teckno,iphone teckno,{},38,1,2025-03-28,0.0,1.0,0.0,0.0,neutral,0.0,0.0,neutral
1.905471672783962e+18,"kinda iconic how hybe wanted to take away that apple collab from njz, then eta dropped with lyrics dissing park jiwon while the mv was filmed with an iphone üíÄ https://t.co/udAgb5Pav9",2025-03-28 04:36:59.594846+00:00,en,0,0,0,,iPhone lang:en -is:retweet,iphone,2025-03-28,4,Friday,kinda iconic hybe wanted take away collab njz eta dropped lyric dissing park jiwon mv filmed üíÄ,kinda iconic how hybe wanted to take away that apple collab from njz then eta dropped with lyrics dissing park jiwon while the mv was filmed with an iphone üíÄ,{'PERSON': ['park jiwon']},182,17,2025-03-28,0.0,1.0,0.0,0.0,neutral,0.5,0.5,positive
1.905477168739607e+18,"Gave my homeless buddy a free iPhone since I have a few for work. It‚Äôs fully set up with insurance, a case, and plenty of pics and videos to keep him busy. Wish someone had done that for me. You can run your whole life on these phones.",2025-03-28 04:36:59.594846+00:00,en,0,0,0,,iPhone lang:en -is:retweet,iphone,2025-03-28,4,Friday,gave homeless buddy free since work it‚Äôs fully set insurance case plenty pic video keep busy wish someone done run whole life phone,gave my homeless buddy a free iphone since i have a few for work it‚Äôs fully set up with insurance a case and plenty of pics and videos to keep him busy wish someone had done that for me you can run your whole life on these phones,{},235,23,2025-03-28,0.0,0.885,0.115,0.7184,positive,0.125,0.4,positive
1.905477078637515e+18,I really need a new iPhone cuz my computer straight up crashed on me last week,2025-03-28 04:36:59.594846+00:00,en,0,0,0,,iPhone lang:en -is:retweet,iphone,2025-03-28,4,Friday,really need new cuz computer straight crashed last week,i really need a new iphone cuz my computer straight up crashed on me last week,{'DATE': ['last week']},78,9,2025-03-28,0.0,0.888,0.112,0.2263,positive,0.1340909090909091,0.28030303030303033,positive
1.9054768335308145e+18,"@AliAlamzadeh @zollotech iPhone 16 Pro. I don‚Äôt use a case with mine. I also have the both newer 25w style MagSafe charger, and older style charger as well.",2025-03-28 04:36:59.594846+00:00,en,0,0,0,,iPhone lang:en -is:retweet,iphone,2025-03-28,4,Friday,pro don‚Äôt use case mine also newer w style magsafe charger older style charger well,iphone pro i don‚Äôt use a case with mine i also have the both newer w style magsafe charger and older style charger as well,"{'CARDINAL': ['16', '25w'], 'GPE': ['MagSafe']}",156,15,2025-03-28,0.0,0.928,0.072,0.2732,positive,0.16666666666666666,0.3333333333333333,positive
1.905476816128901e+18,THESE MEERUT BOYS MARRIED MENS ALL BAD CHARACTER WANT TO ENTER OTHERS HOME!! AS VIRINDA YOGESHS WIVE A THIEF STOLE IPHONE FROM PF OFFICE! IN DWARKA SECTOR 23 OTHERS OF OFFICE ENTERING SOCIETY TO BLAME OTHER FAMILIES FORCING TO MEET CRTICISING ABUSING CURSING OTHERS PARENTS AS,2025-03-28 04:36:59.594846+00:00,en,0,0,0,,iPhone lang:en -is:retweet,iphone,2025-03-28,4,Friday,meerut boy married men bad character want enter others home virinda yogeshs wive thief stole pf office dwarka sector others office entering society blame family forcing meet crticising abusing cursing others parent,these meerut boys married mens all bad character want to enter others home as virinda yogeshs wive a thief stole iphone from pf office in dwarka sector others of office entering society to blame other families forcing to meet crticising abusing cursing others parents as,"{'PERSON': ['VIRINDA YOGESHS WIVE A THIEF STOLE IPHONE FROM PF OFFICE'], 'CARDINAL': ['23']}",276,32,2025-03-28,0.272,0.693,0.034,-0.9439,negative,-0.2916666666666667,0.4305555555555555,negative
1.905476761053205e+18,"if i didn‚Äôt have an iPhone, would i still experience those moments where u just spoke on something for the first time ever &amp; now you see it everywhere all of a sudden?",2025-03-28 04:36:59.594846+00:00,en,0,0,0,,iPhone lang:en -is:retweet,iphone,2025-03-28,4,Friday,didn‚Äôt would still experience moment u spoke something first time ever see everywhere sudden,if i didn‚Äôt have an iphone would i still experience those moments where u just spoke on something for the first time ever amp now you see it everywhere all of a sudden,"{'ORG': ['iPhone'], 'ORDINAL': ['first']}",171,14,2025-03-28,0.0,1.0,0.0,0.0,neutral,0.125,0.41666666666666663,positive
1.9054766273433108e+18,@GamingonPhone iPhone 13,2025-03-28 04:36:59.594846+00:00,en,0,0,0,,iPhone lang:en -is:retweet,iphone,2025-03-28,4,Friday,,iphone,{'CARDINAL': ['13']},24,0,2025-03-28,0.0,1.0,0.0,0.0,neutral,0.0,0.0,neutral
1.905476595936363e+18,@ruuna_070 Do you not criticize or complain even when Apple unexpectedly releases a disappointing iPhone? Complaining is a rightful demand that content consumers make to content providers.,2025-03-28 04:36:59.594846+00:00,en,0,0,0,,iPhone lang:en -is:retweet,iphone,2025-03-28,4,Friday,criticize complain even unexpectedly release disappointing complaining rightful demand content consumer make content provider,do you not criticize or complain even when apple unexpectedly releases a disappointing iphone complaining is a rightful demand that content consumers make to content providers,{'ORG': ['Apple']},188,14,2025-03-28,0.198,0.671,0.131,-0.2973,negative,-0.25,0.85,negative
1.9054765420814167e+18,"@geekyranjit Last week I faced similar issue with my IPhone 13, service centre people asked 29k for screen replacement but they are doing it free for pro and pro max users ü§®",2025-03-28 04:36:59.594846+00:00,en,0,0,0,,iPhone lang:en -is:retweet,iphone,2025-03-28,4,Friday,last week faced similar issue service centre people asked k screen replacement free pro pro max user ü§®,last week i faced similar issue with my iphone service centre people asked k for screen replacement but they are doing it free for pro and pro max users ü§®,"{'DATE': ['Last week'], 'LAW': ['IPhone 13'], 'CARDINAL': ['29k'], 'PERSON': ['max']}",173,18,2025-03-28,0.0,0.884,0.116,0.6652,positive,0.13333333333333333,0.4222222222222222,positive
1.905476498682676e+18,"If you phone is having errors with X app 
Two suggestions: 

1.UPDATE YOUR IPHONE COMPLETELY TO IOS 18.3.2  

2.UPDATE THE X APP THROUGH APP STORE https://t.co/WZ447Dhmdn",2025-03-28 04:36:59.594846+00:00,en,0,0,2,,iPhone lang:en -is:retweet,iphone,2025-03-28,4,Friday,error x app two suggestion update completely io update x app app store,if you phone is having errors with x app two suggestions update your iphone completely to ios update the x app through app store,"{'CARDINAL': ['Two'], 'ORG': ['COMPLETELY', 'IOS']}",170,13,2025-03-28,0.088,0.912,0.0,-0.34,negative,0.1,0.4,neutral
1.905476453904348e+18,@chhagendersingh iPhone 7,2025-03-28 04:36:59.594846+00:00,en,0,0,0,,iPhone lang:en -is:retweet,iphone,2025-03-28,4,Friday,,iphone,{'CARDINAL': ['7']},25,0,2025-03-28,0.0,1.0,0.0,0.0,neutral,0.0,0.0,neutral
